tableau-mural-femmes-africaines-pluie-multicolore,/products/poster-femmes-africaines-trois-silhouettes-sous-la-pluie-multicolore,1
tableau-design-frida-kahlo-vibrance-inspirante,/products/poster-frida-kahlo-serenite-fleurie-et-reflets-dores,1
grand-tableau-yin-yang-bleu-et-or-harmonie-zen,/products/poster-yin-yang-bleu-et-or-souffle-dequilibre-et-de-serenite,1
creation-artistique-montagnes-du-japon-apaisantes,/products/poster-montagnes-du-japon-fleuve-paisible-et-serenite-zen,1
tableau-design-frida-kahlo-nature-eclatante,/products/poster-frida-kahlo-visage-fleuri-aux-couleurs-vibrantes,1
cadre-design-femmes-africaines-grace-en-mouvement,,1
decoration-murale-cerisier-ephemere-poetique,/products/poster-cerisiers-japonais-fleurs-roses-a-lencre-pour-une-piece-apaisee,1
tableau-decoratif-geisha-urbain-tradition-moderne,/products/poster-geisha-street-art-le-japon-urbain-en-couleurs-vives,1
toile-deco-danse-africaine-mouvements-envoutants,,1
creation-artistique-abstrait-klimt-harmonie-bleu-et-or,,1
tableau-mural-femme-berbere-eclat-authentique,/products/poster-femme-berbere-regard-et-parures-dune-beaute-intemporelle,1
tableau-moderne-beaute-africaine-dansante,/products/poster-danseuse-africaine-elegance-et-couleurs-eclatantes,1
tableau-sur-toile-cheval-abstrait-en-mouvement,/products/poster-cheval-abstrait-silhouette-libre-et-mouvement-suspendu,1
tableaux-deco-portrait-femme-africaine-boheme-chic,/products/poster-femme-africaine-douceur-boheme-et-serenite-apaisante,1
cadre-moderne-femme-africaine-eclat-culturel,,1
tableau-deco-guerrier-maasai-force-et-tradition,/products/poster-guerrier-maasai-fierte-et-tradition-dune-culture-ancestrale,1
toile-murale-girafe-pop-art-exotisme-vibrant,,1
tableau-design-femme-surinamaise-eclat-du-turban,/products/poster-femme-surinamaise-profil-altier-au-turban-colore,1
toile-dartiste-renard-eclat-animal-drape-de-mystere,,1
toile-contemporaine-beaute-feminine-pop-art-afro,/products/poster-femme-afro-portrait-pop-art-aux-couleurs-vibrantes,1
tableau-mural-barque-maritime-serenite-des-couleurs,/products/poster-barque-maritime-calme-entre-deux-eaux-au-coucher-du-soleil,1
tableau-sur-toile-voile-de-mains-bleues-en-harmonie,/products/poster-voile-de-mains-bleues-douceur-bleutee-et-eclats-dores,1
tableau-moderne-fleurs-sauvages-eclat-naturel,/products/poster-fleurs-sauvages-bouquet-eclatant-plein-de-vie,1
tableau-mural-femme-au-turban-portrait-vibrant,/products/poster-femme-africaine-turban-aux-couleurs-eclatantes-et-regard-apaise,1
tableau-dart-pagode-harmonie-calligraphique,/products/poster-pagode-japonaise-silhouette-a-lencre-au-souffle-zen,1
tableau-dart-femme-africaine-eclat-exotique,/products/poster-femme-africaine-pop-art-regard-vibrant-aux-lunettes-rouges,1
tableau-dart-femme-fleur-mystere-et-eclat-floral,,1
tableau-decoratif-lion-pop-art-force-intense,/products/poster-lion-pop-art-le-roi-des-animaux-en-couleurs-vibrantes,1
tableau-sur-toile-cheval-pop-art-multicolore-explosion-de-couleurs-et-liberte,/products/poster-cheval-pop-art-une-explosion-de-couleurs-en-plein-galop,1
tableau-toile-femme-de-tribu-charme-ethnique,/products/poster-femme-de-tribu-portrait-africain-en-noir-et-blanc,1
tableau-mural-formes-organiques-orange-et-bleu,/products/poster-formes-organiques-lenergie-joyeuse-de-lorange-et-du-bleu,1
uvre-murale-frida-kahlo-passion-et-couleurs,/products/poster-frida-kahlo-portrait-vibrant-entre-bleu-profond-et-jaune-solaire,1
toile-dartiste-frida-kahlo-portrait-epure,/products/poster-frida-kahlo-portrait-minimaliste-en-noir-et-blanc,1
cadre-moderne-abstrait-dore-luxe-et-modernite-zen,/products/poster-mural-abstrait-dore-cercle-zen-aux-reflets-de-lumiere,1
toile-dartiste-berbere-eclat-des-traditions-du-maroc,/products/poster-mural-femme-berbere-la-mariee-du-maroc-en-habits-de-fete,1
uvre-murale-energie-geometrique-couleurs-vives,/products/poster-mural-energie-geometrique-eclats-de-couleurs-en-mouvement,1
toile-contemporaine-pecheur-thailandais-zen-sur-le-lac,/products/poster-pecheurs-thailandais-serenite-bleue-sur-un-lac-paisible,1
tableaux-deco-portrait-feminin-douceur-pastel,/products/poster-portrait-feminin-douceur-pastel-et-serenite-minimaliste,1
tableau-design-aquarelle-florale-eclat-printanier,,1
decor-mural-touareg-mystere-du-sahara,/products/poster-touareg-dans-le-desert-silhouette-au-coeur-du-sahara,1
cadre-moderne-innocence-street-art-japonais,,1
tableau-mural-lanterne-japonaise-eclat-serein,/products/poster-lanterne-japonaise-lueur-paisible-dans-lencre,1
uvre-murale-lion-etreinte-sauvage-noir-et-blanc,/products/poster-lion-et-lionne-etreinte-complice-en-noir-et-blanc,1
cadre-moderne-femme-fleurie-eclat-de-couleurs,/products/poster-femme-fleurie-un-visage-entoure-de-fleurs-eclatantes,1
tableau-moderne-frida-kahlo-eclat-floral-poetique,/products/poster-frida-kahlo-portrait-fleuri-aux-accents-poetiques,1
peinture-decorative-femme-africaine-chic-noir-et-blanc,/products/poster-femme-africaine-portrait-noir-et-blanc-plein-de-caractere,1
uvre-murale-portrait-femme-masai-envoutante,/products/poster-femme-masai-portrait-envoutant-aux-couleurs-dafrique,1
toile-design-femme-nguni-aux-perles-animees,/products/poster-femme-nguni-perles-vives-sur-les-dunes-du-desert,1
toile-dartiste-femme-africaine-splendeur-vibrante,/products/poster-femme-africaine-portrait-royal-aux-couleurs-vibrantes,1
tableau-sur-toile-geisha-au-charme-japonais,/products/poster-geisha-portrait-tout-en-douceur-aux-tons-bruns-chaleureux,1
tableau-sur-toile-geisha-raffinement-lyrique,/products/poster-geisha-japonaise-grace-et-mystere-dun-kimono-de-dos,1
cadre-design-rhinoceros-majeste-en-noir-et-blanc,/products/poster-rhinoceros-force-brute-en-noir-et-blanc-dafrique-sauvage,1
toile-moderne-bouquet-abstrait-harmonie-florale,,1
art-mural-marilyn-monroe-pop-art-vibrant,,1
art-mural-melodie-aux-notes-colorees-vibrantes,,1
toile-decorative-cerisier-et-hirondelles-aquarelle,/products/poster-sakura-et-hirondelles-aquarelle-pastel-pour-une-douceur-printaniere,1
cadre-moderne-renard-noir-et-blanc-regard-intense,/products/poster-renard-noir-et-blanc-le-regard-percant-dun-esprit-sauvage,1
toile-originale-harmonie-des-barques-colorees,/products/poster-barques-colorees-douceur-dun-lac-au-repos,1
cadre-moderne-fleurs-de-cerisier-soleil-rouge-du-japon,,1
cadre-moderne-duel-de-chevaux-energie-sauvage,,1
tableau-design-femmes-africaines-teintes-chaudes,/products/poster-femmes-africaines-marche-coloree-sous-un-soleil-chaleureux,1
toile-murale-frida-kahlo-aura-doree-mystique,/products/poster-frida-kahlo-lumiere-doree-et-presence-envoutante,1
tableau-moderne-village-africain-vie-authentique,/products/poster-mural-village-africain-instants-de-vie-sous-le-soleil,1
decor-mural-samourai-chemin-zen-et-poesie,/products/poster-samourai-marche-silencieuse-parmi-les-feuilles-dautomne,1
decoration-murale-cerisier-douceur-printaniere,/products/poster-cerisier-en-fleurs-aquarelle-delicate-dun-printemps-japonais,1
peinture-decorative-girafes-crepuscule-africain,/products/poster-girafes-silhouettes-dorees-sous-le-soleil-couchant-dafrique,1
grand-tableau-oiseau-et-main-serenite-bleue,/products/poster-oiseau-et-main-douceur-bleue-et-lien-avec-la-nature,1
decoration-murale-marilyn-monroe-street-art-audacieuse,/products/poster-marilyn-monroe-eclat-glamour-version-street-art,1
toile-contemporaine-border-collie-energie-joyeuse,/products/poster-border-collie-le-regard-vif-dun-compagnon-plein-de-vie,1
peinture-decorative-ciel-africain-etincelant-mystique,/products/poster-ciel-africain-etoile-arbre-solitaire-sous-la-voie-lactee,1
toile-decorative-pop-art-jeune-fille-eclatante,/products/poster-jeune-fille-a-la-perle-vermeer-version-street-art-eclatante,1
cadre-decoratif-rythmes-vibrants-dafrique-en-fete,,1
grand-tableau-dragon-energie-et-equilibre,/products/poster-dragon-japonais-calligraphie-de-force-et-de-bonne-fortune,1
tableau-moderne-paysage-japonais-ame-des-pinceaux,/products/poster-paysage-japonais-serenite-lunaire-a-lencre-de-chine,1
uvre-murale-new-york-leffervescence-urbaine,/products/poster-new-york-leffervescence-urbaine-en-couleurs-vives,1
decor-mural-cerisier-enneige-renouveau-japonais,/products/poster-cerisier-en-hiver-bourgeons-rouges-et-brume-japonaise,1
cadre-moderne-oiseaux-japonais-elegance-sublime,/products/poster-oiseaux-japonais-estampe-coloree-et-douceur-zen,1
toile-originale-fleurs-de-lotus-serenite-aquatique,/products/poster-fleurs-de-lotus-douceur-dun-lac-au-petit-matin,1
tableau-deco-paysage-zen-panoramique-apaisant,/products/poster-paysage-zen-pierres-en-equilibre-au-soleil-couchant,1
tableau-moderne-vagues-bleues-symphonie-marine,,1
grand-tableau-cite-crepusculaire-etheree,/products/poster-cite-au-crepuscule-toits-dorient-sous-les-lumieres-dorees,1
decoration-murale-jetee-lacustre-calme-infini,,1
tableau-decoratif-paysage-zen-asiatique-envoutant,/products/poster-temple-asiatique-brumes-zen-a-lencre-de-chine,1
tableau-dart-pissenlit-legerete-poetique,,1
toile-danseuse-florale-etheree,/products/poster-ballerine-fleurie-une-danse-tout-en-douceur-et-en-couleurs,1
decoration-murale-portrait-femme-noire-eclat-tribal,/products/poster-femme-africaine-profil-orne-de-perles-rouges-sur-fond-noir,1
creation-artistique-enfant-du-monde-innocence-pure,/products/poster-enfant-du-monde-regard-dune-petite-fille-dethiopie,1
tableau-deco-lion-et-lionceau-noir-et-blanc-captivant,/products/poster-lion-et-lionceau-tendresse-sauvage-en-noir-et-blanc,1
decoration-murale-nenuphars-harmonie-aquatique,/products/poster-nenuphars-douceur-verte-dun-plan-deau-paisible,1
cadre-moderne-phare-sur-toile-tempete-envoutante,/products/poster-phare-dans-la-tempete-sentinelle-face-aux-vagues-dechainees,1
tableau-toile-femme-aux-fleurs-charme-provocant,/products/poster-femme-aux-fleurs-portrait-audacieux-aux-couleurs-dun-ete-flamboyant,1
peinture-decorative-velo-vintage-charme-vibrant,/products/poster-velo-vintage-nostalgie-ensoleillee-en-jaune-eclatant,1
peinture-murale-ballerine-a-new-york-vue-vertigineuse,/products/poster-ballerine-new-york-grace-suspendue-au-dessus-des-gratte-ciel,1
tableau-sur-toile-barque-au-lever-du-soleil-lunaire,/products/poster-barque-de-pecheur-aube-brumeuse-sur-un-lac-du-vietnam,1
peinture-decorative-pecheur-vietnamien-au-crepuscule,,1
peinture-murale-elephant-puissance-elementale,,1
cadre-moderne-musicien-yoruba-aux-rythmes-envoutants,,1
toile-dartiste-tour-eiffel-tricolore-paris-vibrante,/products/poster-tour-eiffel-paris-en-bleu-blanc-rouge,1
cadre-design-splendeur-des-tenues-africaines,,1
tableau-mural-ganesh-divin-eclat-de-sagesse-sereine,/products/poster-ganesh-divin-sagesse-sereine-en-origami-colore,1
tableau-sur-toile-louvre-vivant-signe-van-gogh,/products/poster-van-gogh-le-louvre-habite-lumineux-comme-une-nuit-etoilee,1
toile-eiffel-romance-retro-a-paris,/products/poster-tour-eiffel-douceur-retro-dun-paris-des-annees-50,1
tableau-cheval-blanc-portrait-noble-et-matiere-ancestrale,,1
tableau-sur-toile-feuilles-dorees-elegance-apaisante-bleu-nuit-et-or,/products/poster-feuilles-dorees-elegance-douce-entre-bleu-nuit-et-or,1
tableau-africain-maternite-femme-et-enfant-aux-motifs-zebres-graphiques,/products/poster-maternite-africaine-femme-et-enfant-aux-motifs-zebres,1
tableau-sur-toile-plage-deserte-lumiere-dete-et-transats-rayes,/products/poster-plage-deserte-transats-rayes-sous-la-lumiere-dete,1
tableau-sur-toile-bouquet-graphique-fleurs-rouges-stylisees-et-vase-noir,/products/poster-bouquet-graphique-fleurs-rouges-et-vase-noir-tout-en-clarte,1
tableau-sur-toile-elephant-presence-silencieuse-en-noir-et-beige,/products/poster-elephant-une-presence-tranquille-en-noir-et-beige,1
tableau-abstrait-moderne-lumiere-doree-et-brume-pastel,/products/poster-abstrait-moderne-reflets-dores-et-brume-rose-au-petit-matin,1
tableau-sur-toile-femme-africaine-de-profil-reine-aux-motifs-ancestraux-bleu-et-or,/products/poster-femme-africaine-de-profil-reine-aux-motifs-ancestraux-dores,1
tableau-japonais-geisha-elegance-traditionnelle-sur-fond-dore,/products/poster-geisha-japonaise-grace-de-profil-sur-fond-dore,1
tableau-japonais-pin-centenaire-serenite-zen-et-sagesse-intemporelle,/products/poster-japonais-pin-centenaire-douceur-zen-et-sagesse-tranquille,1
tableau-sur-toile-homme-africain-boubou-raye-et-dignite-intemporelle,/products/poster-homme-africain-boubou-raye-et-fierte-tranquille,1
tableau-sur-toile-barque-echouee-lumiere-doree-et-mer-turquoise,/products/poster-barque-echouee-escale-ensoleillee-au-bord-de-leau-turquoise,1
tableau-sur-toile-nympheas-giverny-hommage-a-monet-peinture-epaisse,/products/poster-nympheas-de-monet-douceur-dun-bassin-fleuri-a-giverny,1
tableau-sur-toile-la-grande-vague-dhokusai-rose-pop-et-noir-profond,/products/poster-la-grande-vague-dhokusai-version-rose-pop-et-noir-profond,1
tableau-bouddha-street-art-collages-urbains-et-energie-coloree,/products/poster-bouddha-street-art-collages-urbains-et-couleurs-qui-vibrent,1
tableau-japonais-pagode-traditionnelle-tempete-de-fleurs-de-cerisier-roses,/products/poster-japon-pagode-et-cerisiers-douceur-rose-dun-printemps-sans-fin,1
tableau-abstrait-cercles-bleus-composition-apaisante-et-graphique,/products/poster-abstrait-cercles-bleus-douceur-graphique-qui-apaise-le-regard,1
tableau-sur-toile-bouleaux-perspective-verticale-vers-le-ciel,/products/poster-bouleaux-lappel-du-ciel-entre-les-troncs-blancs,1
tableau-sur-toile-fleurs-rouges-street-art-urbain-et-energie-brute,/products/poster-fleurs-rouges-eclaboussures-street-art-et-energie-brute,1
tableau-sur-toile-carpes-koi-serenite-japonaise-et-calligraphie-zen,/products/poster-carpes-koi-danse-zen-et-calligraphie-japonaise,1
tableau-sur-toile-femme-ethnique-marche-silencieuse-dans-les-lavandes,/products/poster-femme-ethnique-silhouette-sereine-dans-les-champs-de-lavande,1
tableau-japonais-jardinier-et-erable-rituel-zen-fond-dore,/products/poster-japonais-jardinier-et-erable-douceur-zen-sur-fond-dore,1
tableau-sur-toile-foret-de-bouleaux-lumiere-dautomne-et-serenite,/products/poster-foret-de-bouleaux-douce-lumiere-doree-dun-apres-midi-dautomne,1
tableau-islamique-alhamdulillah-calligraphie-arabe-apaisante-sur-arche-verte,/products/poster-alhamdulillah-calligraphie-arabe-apaisante-sur-arche-verte,1
tableau-abstrait-visage-feminin-trait-continu-blanc-sur-bleu-nuit,/products/poster-visage-feminin-trait-blanc-epure-sur-bleu-nuit,1
tableau-sur-toile-femme-kayan-street-art-ethnique-dore-et-urbain,/products/poster-femme-kayan-fierte-ethnique-en-street-art-dore-et-urbain,1
tableau-sur-toile-plage-coloree-parasols-et-mer-turquoise-en-lumiere-dete,/products/poster-plage-aux-parasols-mer-turquoise-et-lumiere-dete,1
tableau-sur-toile-kaaba-a-la-mecque-tawaf-spirituel-en-aquarelle-doree,/products/poster-kaaba-a-la-mecque-le-tawaf-en-aquarelle-doree,1
tableau-sur-toile-femme-au-bouquet-de-roses-elegance-urbaine-et-rayures-vertes,/products/poster-femme-au-bouquet-de-roses-assurance-tranquille-et-rayures-vertes,1
tableau-japonais-pin-et-soleil-dore-wabi-sabi-crepusculaire-zen,/products/poster-japonais-pin-et-soleil-dore-serenite-zen-au-crepuscule,1
tableau-abstrait-cercles-emeraude-profondeur-aquatique-apaisante,/products/poster-abstrait-cercles-emeraude-douceur-aquatique-qui-apaise-le-regard,1
tableau-sur-toile-feuille-dor-nature-precieuse-sur-fond-gris-patine,/products/poster-feuille-dor-nature-doree-sur-gris-patine,1
tableau-street-art-grande-vague-hokusai-pop-urbain-japonais,/products/poster-grande-vague-hokusai-lestampe-japonaise-version-street-art,1
tableau-abstrait-noir-et-gris-hommage-a-soulages-et-matiere-apaisante,/products/poster-abstrait-noir-et-gris-hommage-a-soulages-plein-de-calme,1
tableau-abstrait-rouge-et-noir-formes-organiques-et-chaleur-tactile,/products/poster-abstrait-rouge-et-noir-formes-organiques-et-chaleur-enveloppante,1
tableau-zen-bleu-profond-calligraphie-japonaise-et-lotus-dore,,1
tableau-sur-toile-femme-au-travail-elegance-graphique-et-eclats-colores,/products/poster-femme-au-travail-silhouette-graphique-et-eclats-de-couleur,1
tableau-islamique-architecture-sacree-coupoles-majestueuses-noir-et-blanc,/products/poster-architecture-islamique-coupoles-et-arabesques-en-noir-et-blanc,1
tableau-africain-profil-de-reine-or-ancestral-et-motifs-wax,/products/poster-profil-de-reine-africaine-or-ancestral-et-motifs-wax,1
tableau-sur-toile-zebre-motifs-tribaux-africains-et-ocres-cuivres,/products/poster-zebre-motifs-tribaux-africains-et-ocres-cuivres,1
tableau-sur-toile-bouddha-serenite-florale-et-explosion-de-couleurs,/products/poster-bouddha-fleuri-la-serenite-qui-eclate-de-couleurs,1
tableau-abstrait-cercles-colores-energie-douce-et-vibrations-kandinsky,/products/poster-abstrait-cercles-colores-vibrations-douces-facon-kandinsky,1
tableau-sur-toile-tournesols-eclatants-lumiere-doree-et-vase-graphique,/products/poster-tournesols-eclatants-vase-raye-et-lumiere-dete,1
tableau-sur-toile-orchidees-et-cerisier-turquoise-patine-et-peinture-relief,/products/poster-orchidees-et-cerisier-douceur-florale-sur-turquoise-patine,1
tableau-sur-toile-fleur-multicolore-explosion-de-joie-et-liberte,/products/poster-fleur-multicolore-un-eclat-de-joie-et-de-liberte,1
tableau-sur-toile-cheval-blanc-aquarelle-onirique-et-serenite,/products/poster-cheval-blanc-douceur-dune-aquarelle-bleutee-et-reveuse,1
tableau-sur-toile-femme-africaine-profil-sculptural-et-touches-vives,/products/poster-femme-africaine-profil-sculptural-aux-touches-eclatantes,1
tableau-sur-toile-coquelicots-lumiere-dete-et-douceur-champetre,/products/poster-coquelicots-douceur-champetre-et-lumiere-dun-ete,1
tableau-sur-toile-frida-kahlo-citation-ailes-et-fleurs-eclatantes,/products/poster-frida-kahlo-des-ailes-pour-voler-et-des-fleurs-qui-osent,1
tableau-sur-toile-bouleau-automne-lumiere-doree-et-serenite-nature,/products/poster-bouleau-dautomne-lumiere-doree-et-douceur-apaisante,1
tableau-sur-toile-herons-blancs-vol-gracieux-sur-eau-emeraude,/products/poster-herons-blancs-envol-paisible-sur-une-eau-emeraude,1
tableau-sur-toile-cygne-blanc-grace-silencieuse-sur-lac-bleu-nuit,/products/poster-cygne-blanc-serenite-glissee-sur-un-lac-bleu-nuit,1
tableau-sur-toile-cheval-et-cavalier-elegance-coloree-et-liberte-stylisee,/products/poster-cheval-et-cavalier-silhouette-stylisee-aux-couleurs-vives,1
tableau-sur-toile-oiseaux-au-crepuscule-lumiere-doree-et-serenite-naturelle,/products/poster-oiseaux-au-crepuscule-envol-dore-dans-la-lumiere-du-soir,1
tableau-sur-toile-kaaba-lumiere-impressionniste-et-devotion-sacree,/products/poster-kaaba-ferveur-dune-nuit-baignee-de-bleu-et-dor,1
tableau-zen-grues-blanches-soleil-couchant-et-serenite-japonaise,/products/poster-grues-blanches-zen-envol-paisible-au-soleil-couchant,1
tableau-japonais-village-ancestral-saule-pleureur-et-serenite-aquatique,/products/poster-village-japonais-saule-pleureur-et-douceur-au-bord-de-leau,1
tableau-africain-femmes-en-procession-transmission-et-dignite-sur-fond-orange,/products/poster-femmes-africaines-en-procession-dignite-et-transmission-sur-fond-orange,1
tableau-cheval-minimaliste-brun-et-noir-elegance-calme-et-naturelle,/products/poster-cheval-minimaliste-silhouette-douce-et-sereine-au-naturel,1
tableau-sur-toile-batteur-en-pleine-celebration-energie-musicale-pour-salon-moderne,/products/poster-batteur-lelan-joyeux-dun-musicien-en-pleine-lumiere,1
tableau-sur-toile-musicien-de-jazz-a-la-trompette-fond-orange-pour-salon,/products/poster-trompettiste-jazz-lenergie-brulante-dun-solo-sur-fond-orange,1
tableau-sur-toile-chanteuse-de-jazz-vintage-ambiance-feutree-pour-salon-elegant,/products/poster-chanteuse-de-jazz-elegance-feutree-dun-soir-de-club,1
tableau-sur-toile-caniche-glamour-a-lunettes-et-foulard-leopard,/products/poster-caniche-glamour-foulard-leopard-et-lunettes-bleues-avec-humour,1
tableau-sur-toile-bouquet-de-fleurs-multicolores-vase-bleu-cobalt,,1
tableau-cheval-noir-en-mouvement-energie-brute-et-couleurs-abstraites-sur-toile,,1
tableau-sur-toile-femme-a-la-sphere-lumineuse-inspiration-matisse-bleu-profond,/products/poster-femme-a-la-sphere-silhouette-bleu-matisse-pleine-de-douceur,1
tableau-sur-toile-colombes-blanches-sur-bleu-klein-pour-salon-moderne,/products/poster-colombes-blanches-envol-graphique-sur-bleu-klein,1
tableau-japonais-geisha-street-art-rencontre-audacieuse-entre-tradition-et-modernite,,1
tableau-sur-toile-femme-a-velo-transportant-un-bouquet-de-fleurs-geant-et-colore,,1
tableau-zen-meditation-en-posture-du-lotus-silhouette-noire-et-or-apaisante,/products/poster-meditation-en-lotus-silhouette-zen-pour-respirer-et-se-recentrer,1
tableau-africain-pecheurs-au-crepuscule-sur-le-delta-dore,,1
tableau-zen-ange-en-priere-aux-ailes-noires-et-or,/products/poster-ange-en-priere-ailes-noires-et-or-recueillement-et-serenite,1
tableau-islamique-calligraphie-kufique-bleu-et-or-toile-spirituelle-contemporaine,/products/poster-calligraphie-kufique-bleu-profond-et-lumiere-doree,1
tableau-cheval-en-mouvement-oeuvre-abstraite-puissante-noir-et-beige,/products/poster-cheval-abstrait-elan-noir-et-beige-en-pleine-course,1
tableau-africain-femmes-en-chales-dores-lumiere-et-dignite-silencieuse,/products/poster-femmes-africaines-deux-silhouettes-dorees-dans-la-lumiere,1
tableau-sur-toile-femme-et-coquelicots-rouges-metamorphose-florale-puissante,/products/poster-femme-aux-coquelicots-rouges-portrait-floral-et-flamboyant,1
tableau-africain-femmes-porteuses-deau-aux-turbans-colores,/products/poster-femmes-africaines-turbans-colores-et-grace-ancestrale,1
tableau-cheval-abstrait-rouge-et-noir-puissance-et-mouvement-en-peinture-epaisse,,1
tableau-sur-toile-lion-couronne-street-art-noir-blanc-et-or,/products/poster-lion-couronne-street-art-noir-et-or-au-caractere-royal,1
tableau-sur-toile-femme-africaine-en-turban-blanc-portrait-de-dignite-et-grace,/products/poster-femme-africaine-elegance-et-fierte-au-turban-blanc,1
cheval-en-lignes-colorees-tableau-sur-toile-joyeux-et-spontane,,1
tableau-lion-noir-et-blanc-force-paisible-et-majeste-contemplative,/products/poster-lion-noir-et-blanc-le-repos-dun-roi-apaise,1
tableau-zen-oiseaux-en-vol-sur-soleil-dore-et-ciel-turquoise,/products/poster-oiseaux-zen-envol-serein-sur-un-soleil-dore-et-un-ciel-turquoise,1
tableau-sur-toile-bouquet-de-fleurs-bleues-aeriennes-explosion-de-legerete,/products/poster-bouquet-de-fleurs-bleues-un-souffle-dair-leger-sur-vos-murs,1
tableau-japonais-geisha-pop-art-rouge-et-noir-contraste-moderne-et-audacieux,,1
tableau-africain-sororite-feminine-cinq-femmes-aux-motifs-ancestraux,/products/poster-femmes-africaines-sororite-drapee-de-motifs-ancestraux,1
tableau-cheval-blanc-en-mouvement-peinture-texturee-beige-et-or,/products/poster-cheval-blanc-elan-et-grace-aux-reflets-beige-et-or,1
tableau-paysage-rome-et-colisee-en-encre-et-aquarelle-douce,,1
tour-eiffel-en-bleu-electrique-tableau-sur-toile-graphique-moderne,/products/poster-tour-eiffel-bleu-electrique-et-lignes-graphiques-modernes,1
tableau-sur-toile-guepards-mere-et-petit-noir-et-blanc-tendresse-animale,/products/poster-guepards-mere-et-petit-tendresse-sauvage-en-noir-et-blanc,1
tableau-africain-femmes-porteuses-scene-de-vie-village-ocre-et-blanc,,1
frida-kahlo-tableau-sur-toile-street-art-noir-blanc-et-or,/products/poster-frida-kahlo-street-art-noir-blanc-et-or-plein-de-caractere,1
tableau-sur-toile-tour-eiffel-encre-noire-et-rose-fuchsia-style-calligraphique-moderne,/products/poster-tour-eiffel-encre-noire-et-eclat-fuchsia-sur-paris,1
tableau-sur-toile-fleur-rouge-vibrante-et-graphique-sur-fond-audacieux,/products/poster-fleur-rouge-eclat-graphique-et-lignes-audacieuses,1
tableau-zen-lune-et-oiseaux-en-migration-ambiance-apaisante-rose-poudree,,1
toile-moderne-duo-de-chats-etreinte-doree,/products/poster-duo-de-chats-tendre-baiser-dore-facon-klimt,1
cadre-design-lion-majestueux-floral-et-apaisant,/products/poster-lion-couronne-de-fleurs-force-paisible-et-douceur-bucolique,1
toile-design-roses-rouges-envoutantes,/products/poster-femme-aux-roses-rouges-portrait-romantique-et-sensuel,1
toile-deco-girafe-urbaine-evasion-citadine,/products/poster-girafe-urbaine-rencontre-insolite-en-noir-et-blanc,1
tableau-deco-girafe-urbaine-new-york-vintage,/products/poster-girafe-urbaine-surprise-pop-dans-un-new-york-vintage,1
toile-design-girafes-tendre-etreinte-maternelle,/products/poster-girafes-douce-etreinte-entre-une-mere-et-son-petit,1
peinture-decorative-cavaliers-africains-course-vive,,1
toile-decorative-cheval-pop-eclat-sur-fond-rose,,1
creation-artistique-cheval-et-cavaliere-amerindienne,/products/poster-cavaliere-amerindienne-et-son-cheval-souffle-de-liberte,1
toile-originale-abstraite-letreinte-monochrome,/products/poster-abstrait-letreinte-douceur-monochrome-en-noir-et-blanc,1
tableaux-deco-cheval-royal-a-leclat-dore,/products/poster-cheval-royal-noblesse-doree-et-regard-fier,1
toile-moderne-silhouette-africaine-passage-dore,/products/poster-silhouette-africaine-marche-paisible-sous-larche-doree,1
cadre-decoratif-cheval-sauvage-puissance-doree,/products/poster-cheval-sauvage-lallure-fiere-sur-fond-dore,1
toile-originale-chevaux-noir-blanc-eclat-dore,,1
decoration-murale-cheval-aquarelle-noir-et-blanc,/products/poster-cheval-aquarelle-elan-monochrome-en-noir-et-blanc,1
tableaux-deco-flamant-rose-eclat-fuchsia-et-orange,/products/poster-flamant-rose-elegance-fuchsia-et-lumiere-dete,1
cadre-decoratif-femme-au-foulard-dore-charme-exotique,/products/poster-femme-au-foulard-dore-portrait-lumineux-et-raffine,1
toile-moderne-zebre-multicolore-rayures-arc-en-ciel,,1
tableau-deco-pecheur-solitaire-sur-lac-brumeux,,1
grand-tableau-bouddha-dore-lotus-et-serenite-zen,,1
tableau-toile-coquelicot-rouge-vase-dore-minimaliste,/products/poster-coquelicot-rouge-fleur-eclatante-dans-un-vase-dore,1
decor-mural-japonais-barque-et-torii-sur-lac-brumeux,/products/poster-torii-japonais-barque-solitaire-sur-un-lac-brumeux,1
tableau-moderne-bouddha-en-meditation-lune-mystique,/products/poster-bouddha-silhouette-apaisee-sous-la-lune-des-montagnes,1
toile-originale-pivoines-chinoises-esprit-ancien,/products/poster-pivoines-chinoises-encre-delicate-et-esprit-ancien,1
toile-murale-japonaise-pin-solitaire-soleil-rouge,/products/poster-pin-japonais-silhouette-apaisante-face-au-soleil-rouge,1
tableaux-deco-jardin-de-lotus-chinois-a-laquarelle-zen,/products/poster-lotus-chinois-douceur-aquarelle-dun-etang-en-fleur,1
toile-decorative-tiges-de-riz-au-vent-or-et-jade,/products/poster-tiges-de-riz-reflets-dores-et-feuillage-de-jade,1
toile-design-pivoine-eveil-aux-couleurs-du-printemps,/products/poster-pivoine-eclat-floral-aux-couleurs-de-printemps,1
cadre-design-galets-zen-sur-sable-clair,/products/poster-galets-zen-equilibre-paisible-entre-sable-et-pierre,1
cadre-decoratif-galets-equilibre-zen-apaisant,/products/poster-galets-zen-lequilibre-paisible-des-pierres-empilees,1
uvre-murale-zen-galets-flottants-soleil-apaisant,/products/poster-galets-zen-chemin-de-pierres-sous-un-soleil-dore,1
tableau-moderne-tulipes-multicolores-ambiance-vive,/products/poster-tulipes-multicolores-bouquet-eclatant-aux-couleurs-de-printemps,1
tableau-original-tulipe-fraicheur-bleu-vert,/products/poster-tulipe-eclat-dore-sur-fond-bleu-vert-apaisant,1
tableau-deco-lys-blanc-souffle-vegetal-apaisant,/products/poster-lotus-blanc-une-fleur-paisible-au-coeur-du-feuillage,1
toile-contemporaine-orchidee-en-aquarelle-apaisante,/products/poster-orchidee-douceur-zen-dune-encre-rose-et-verte,1
decoration-murale-magnolia-blanc-serenite-et-beaute,/products/poster-magnolia-blanc-fleurs-delicates-et-calme-retrouve,1
toile-murale-champ-de-fleurs-explosion-de-couleurs,/products/poster-champ-de-fleurs-un-jardin-dete-aux-mille-couleurs,1
tableau-mural-glycine-violet-et-bleu-apaisante,/products/poster-mural-glycine-cascade-fleurie-sous-une-lumiere-doree,1
uvre-murale-coton-douceur-et-chaleur-naturelles,/products/poster-fleurs-de-coton-un-nuage-de-douceur-naturelle,1
tableau-design-fleur-de-pecher-rose-souffle-nouveau,/products/poster-fleur-de-pecher-branche-rose-sur-aquarelle-turquoise,1
toile-deco-fleurs-de-callas-aquarelle-japonaise,/products/poster-fleurs-de-callas-delicatesse-zen-a-laquarelle,1
toile-pissenlits-dores-souffle-de-legerete,/products/poster-pissenlits-dores-douceur-dun-souffle-de-vent,1
toile-originale-tournesols-ete-impressionniste,/products/poster-tournesols-champ-ensoleille-aux-accents-impressionnistes,1
uvre-murale-feuilles-de-monstera-roses-vibrantes,/products/poster-feuilles-de-monstera-rose-tropical-sur-fond-profond,1
toile-contemporaine-herbe-des-pampas-aux-tons-beiges,/products/poster-herbe-des-pampas-douceur-beige-et-serenite-naturelle,1
toile-deco-botanique-tiges-de-riz-dorees-apaisantes,,1
uvre-murale-pissenlit-impressionniste-apaisant,/products/poster-pissenlit-graines-au-vent-et-lumiere-apaisante,1
toile-moderne-roses-rouges-geometrie-mondrian,,1
tableau-decoratif-cherry-blossom-eclat-printanier,/products/poster-cerisier-en-fleurs-douceur-rose-dun-printemps-impressionniste,1
toile-impressionniste-coquelicots-et-fleurs-sauvages,/products/poster-coquelicots-et-fleurs-sauvages-un-champ-rouge-baigne-de-lumiere,1
uvre-murale-bonsai-japonais-esprit-zen,/products/poster-bonsai-japonais-larbre-zen-aux-traits-dencre,1
toile-design-vase-floral-impressionniste-eclatant,/products/poster-vase-floral-bouquet-eclatant-peint-au-couteau,1
tableau-decoratif-abstrait-organique-tons-terreux,/products/poster-abstrait-organique-formes-douces-et-nuances-de-terre,1
cadre-moderne-phare-marin-rouge-evasion-cotiere,/products/poster-phare-rouge-un-vent-de-large-sur-vos-murs,1
cadre-design-geometrie-abstraite-eclat-moderne,/products/poster-geometrie-abstraite-lignes-roses-et-grises-en-mouvement,1
tableau-decoratif-vases-stylises-douceur-pastel,/products/poster-vases-stylises-bouquets-delicats-aux-couleurs-douces,1
cadre-decoratif-vase-et-marguerites-texture-impasto,/products/poster-vase-et-marguerites-un-bouquet-de-lumiere-sur-fond-bleu,1
tableau-deco-oliviers-et-terre-cuite-du-sud,/products/poster-oliviers-branches-et-terre-cuite-au-parfum-de-provence,1
cadre-moderne-masques-africains-sur-fond-rouge,,1
tableau-sur-toile-calligraphie-arabe-bleue-apaisante,/products/poster-calligraphie-arabe-cercle-bleu-aux-arabesques-apaisantes,1
toile-contemporaine-maasai-heritage-ethnique,/products/poster-maasai-la-marche-fiere-des-guerriers-de-la-savane,1
toile-jeu-de-formes-solaires-teintes-chaudes,/products/poster-bauhaus-formes-douces-et-couleurs-de-soleil,1
cadre-decoratif-bouddha-multicolore-eclat-zen,/products/poster-mural-bouddha-visage-serein-aux-couleurs-flamboyantes,1
toile-contemporaine-bouddha-noir-et-jaune-serenite,/products/poster-bouddha-noir-et-jaune-leclat-qui-traverse-le-silence,1
cadre-moderne-femme-africaine-portrait-lumineux,/products/poster-femme-africaine-profil-elegant-aux-parures-eclatantes,1
decor-mural-portrait-frida-kahlo-regard-noir-et-blanc,,1
tableau-moderne-rhinoceros-en-typographie-coloree,/products/poster-rhinoceros-force-sauvage-sculptee-par-les-mots,1
tableau-toile-allah-calligraphie-sacree-doree,/products/poster-allah-calligraphie-doree-sur-marbre-nacre,1
tableau-toile-subhanallah-louange-au-createur,/products/poster-mural-subhanallah-serenite-dune-calligraphie-sur-marbre-dore,1
tableau-toile-frida-kahlo-bouquet-rose-et-caractere,/products/poster-frida-kahlo-fleurs-sauvages-et-douceur-rose,1
toile-originale-florale-artistique-couleurs-vives,/products/poster-fleurs-sauvages-eclat-dun-champ-en-pleine-floraison,1
tableau-toile-barque-rouge-contraste-saisissant,/products/poster-mural-barque-rouge-eclat-solitaire-sur-mer-sombre,1
tableau-original-frida-kahlo-street-art-colore,,1
cadre-moderne-danse-africaine-hymne-a-la-vie,,1
decor-mural-elephants-africains-contraste-elegant,/products/poster-elephants-africains-duo-majestueux-en-noir-et-or,1
toile-dartiste-geisha-au-parasol-japonais-grace-zen,/products/poster-geisha-japonaise-douceur-destampe-au-parasol-rouge,1
tableau-dart-lion-audace-du-street-art,/products/poster-lion-street-art-lesprit-rebelle-des-murs-de-la-ville,1
toile-moderne-lion-ethnique-esprit-sauvage,/products/poster-lion-ethnique-le-roi-des-animaux-pare-de-motifs-africains,1
creation-artistique-paysage-dautomne-majeste-sereine,/products/poster-paysage-d-automne-riviere-doree-sous-les-montagnes,1
decoration-murale-paon-royal-sur-toile-eclatante,/products/poster-paon-royal-leclat-dun-plumage-aux-mille-reflets,1
peinture-decorative-plume-de-paon-eclats-bleus-et-or,/products/poster-plume-de-paon-reflets-de-bleu-profond-et-dor,1
decor-mural-paon-splendeur-etheree-et-mystere,/products/poster-mural-paon-plumes-irisees-sur-fond-de-nuit,1
toile-deco-bouddha-fleuri-aura-doree-zen,/products/poster-bouddha-fleuri-serenite-doree-entre-fleurs-exotiques,1
tableau-decoratif-papillon-dore-eclat-poetique,/products/poster-papillon-dore-reflet-lumineux-et-envol-paisible,1
cadre-moderne-japon-zen-femme-en-priere,/products/poster-japon-zen-femme-en-priere-aux-couleurs-destampe,1
tableaux-deco-femme-africaine-en-priere-serenite,/products/poster-femme-africaine-un-instant-de-priere-et-de-paix,1
tableaux-deco-statue-apollon-elegance-intemporelle,/products/poster-apollon-portrait-sculpte-en-noir-et-blanc,1
cadre-decoratif-pont-sur-lac-evasion-paisible,/products/poster-pont-sur-lac-douceur-dun-paysage-au-repos,1
toile-design-bouddha-tranquillite-divine,/products/poster-bouddha-le-calme-dun-visage-en-pleine-meditation,1
toile-voyageurs-en-rouge-montagne-brumeuse-zen,/products/poster-voyageurs-en-rouge-montagne-zen-dans-la-brume,1
tableau-sur-toile-ecume-marine-evasion-oceanique,/products/poster-ecume-marine-souffle-du-grand-large-et-sable-dore,1
tableau-design-femme-ronde-abstraite-couleurs-vives,/products/poster-femme-ronde-abstraite-corps-libre-en-couleurs-vibrantes,1
art-mural-amour-tendresse-eclatante,/products/poster-amour-abstrait-douceur-rose-et-rouge-pour-un-interieur-tendre,1
tableau-deco-line-art-lintrospection-du-penseur,/products/poster-le-penseur-silhouette-epuree-et-invitation-a-la-reflexion,1
tableau-mural-guepard-en-course-noir-et-blanc,/products/poster-guepard-en-course-lelegance-sauvage-en-noir-et-blanc,1
toile-decorative-bouddha-urbain-energie-spirituelle,/products/poster-bouddha-street-art-serenite-et-energie-urbaine,1
peinture-decorative-cheval-blanc-purete-sereine,/products/poster-cheval-blanc-douceur-et-grace-dun-portrait-apaisant,1
toile-deco-lion-chinois-chance-et-prosperite,/products/poster-lion-chinois-symbole-de-chance-et-de-fortune,1
cadre-moderne-cactus-serenite-boheme,/products/poster-cactus-douceur-boheme-et-esprit-desertique-apaisant,1
grand-tableau-elephant-ciel-etoile-mystique,/products/poster-elephant-sous-les-etoiles-silhouette-majestueuse-et-voie-lactee,1
tableau-mural-femme-afghane-evasion-coloree,/products/poster-femme-afghane-regard-voyageur-aux-couleurs-vives,1
peinture-murale-bouddha-serenite-incarnee,,1
tableau-decoratif-louve-louveteau-lien-maternel,/products/poster-louve-et-louveteau-tendresse-sauvage-en-noir-et-blanc,1
toile-fleurs-poesie-dun-pissenlit,/products/poster-pissenlit-envol-leger-dune-fleur-qui-reve,1
tableau-toile-femme-florale-eclat-vibrant,,1
toile-design-lion-force-et-serenite-sauvage,/products/poster-lion-puissance-tranquille-et-regard-majestueux-en-noir-et-blanc,1
toile-originale-mosaique-rouge-energie-inspirante,,1
tableau-sur-toile-bouledogue-noblesse-animale,,1
tableau-deco-baleine-serenite-oceanique,/products/poster-baleine-douceur-bleue-des-grands-fonds-marins,1
decor-mural-femme-africaine-eclat-fashion,,1
tableau-mural-chameau-du-desert-evasion-crepusculaire,/products/poster-chameau-du-desert-silhouette-au-crepuscule-dore,1
cadre-design-calligraphie-arabe-harmonie-spirituelle,/products/poster-calligraphie-arabe-lettres-sacrees-aux-couleurs-vibrantes,1
toile-design-marilyn-monroe-glamour-eternel,/products/poster-marilyn-monroe-glamour-eternel-dune-legende-dhollywood,1
tableaux-deco-lanternes-rouges-eclat-festif-asiatique,/products/poster-lanternes-rouges-cascade-lumineuse-et-fete-asiatique,1
peinture-murale-chapeau-conique-serenite-japonaise,,1
toile-contemporaine-frida-kahlo-meditation-exotique,,1
tableau-toile-foret-evasion-en-pleine-nature,/products/poster-foret-sentier-verdoyant-et-souffle-de-nature-apaisante,1
tableau-dart-gladiateur-en-street-art-vibrant,/products/poster-gladiateur-le-guerrier-antique-version-street-art-colore,1
tableau-sur-toile-zebre-sous-la-neige-hivernale,/products/poster-zebre-sous-la-neige-rencontre-inattendue-en-plein-hiver,1
toile-murale-yoga-serenite-en-lotus-minimaliste,/products/poster-yoga-silhouette-lotus-pour-un-souffle-apaise,1
tableau-decoratif-cactus-evasion-desertique-vibrante,/products/poster-cactus-saguaro-evasion-desertique-au-soleil-couchant,1
tableau-decoratif-barque-au-repos-evasion-tranquille,/products/poster-barque-au-repos-douce-evasion-au-bord-de-leau,1
toile-originale-tigre-au-taj-mahal-noir-et-blanc,/products/poster-tigre-au-taj-mahal-majeste-sauvage-en-noir-et-blanc,1
toile-design-zebre-colore-vitalite-arc-en-ciel,/products/poster-zebre-arc-en-ciel-rayures-multicolores-pleines-denergie,1
tableau-moderne-nuit-parisienne-eblouissante,/products/poster-paris-nocturne-la-tour-eiffel-sous-le-charme-de-la-nuit,1
toile-originale-chien-noble-esprit-comique-et-chic,/products/poster-bouledogue-francais-un-chien-dapparat-plein-dhumour,1
tableau-deco-portrait-canin-pop-art-joie-moderne,,1
cadre-decoratif-afrique-rougeoyante-voyage-interieur,/products/poster-mural-afrique-silhouettes-au-soleil-levant-et-couleurs-de-terre,1
toile-dartiste-marche-au-soleil-levant-africaine,/products/poster-africain-marche-au-soleil-levant-chaleur-et-lumiere,1
toile-originale-ours-a-lunettes-chic-humoristique,,1
peinture-decorative-barque-paisible-reflet-nb,,1
cadre-design-bouddha-dore-eveil-et-paix,/products/poster-bouddha-dore-visage-serein-de-leveil,1
creation-artistique-avion-crepuscule-urbain,,1
toile-decorative-chalet-alpestre-evasion-paisible,,1
cadre-decoratif-voiliers-prestige-de-locean,/products/poster-voiliers-lappel-du-large-en-noir-et-blanc,1
tableau-original-femme-noire-eclat-africain-moderne,/products/poster-femme-africaine-elegance-et-couleurs-vibrantes-dun-portrait-ethnique,1
toile-deco-lion-lionne-etreinte-en-noir-et-blanc,,1
grand-tableau-rizieres-du-guangxi-evasion-coloree,/products/poster-rizieres-du-guangxi-evasion-vers-un-paysage-de-reve,1
tableau-original-grandeur-montagneuse-epoustouflante,/products/poster-montagnes-du-wyoming-grand-air-et-calme-des-sommets,1
toile-elephants-tendresse-majestueuse,,1
decoration-murale-danseuse-africaine-aura-sacree,/products/poster-danseuse-africaine-mouvement-sacre-aux-couleurs-de-lafrique,1
tableau-design-fleur-rouge-passion-vibrante,/products/poster-fleur-rouge-eclat-passionne-pour-votre-interieur,1
tableau-deco-dalmatien-elegance-moderne,/products/poster-dalmatien-portrait-noir-et-blanc-plein-delegance,1
tableau-original-tulipes-modernes-poesie-romantique,/products/poster-tulipes-modernes-douceur-romantique-en-fleurs,1
toile-moderne-femme-africaine-or-et-ebene-regard-fier,/products/poster-femme-africaine-or-et-ebene-regard-qui-vous-fixe,1
toile-design-loups-noirs-danse-dames-unies,/products/poster-loups-noir-et-blanc-deux-ames-unies-par-un-regard,1
toile-bouddha-zen-havre-de-serenite,,1
cadre-moderne-charme-ethiopien-noir-et-blanc,/products/poster-vallee-de-lomo-aube-africaine-en-noir-et-blanc,1
toile-design-montagne-brume-evasion-et-serenite,/products/poster-montagne-zen-cimes-brumeuses-et-silence-des-sommets,1
peinture-murale-avion-evasion-celeste,/products/poster-avion-envol-paisible-au-dessus-dune-mer-de-nuages,1
cadre-design-cheval-eclatant-daventures,/products/poster-cheval-colore-galop-joyeux-et-reves-daventure,1
grand-tableau-marilyn-monroe-glamour-classique,,1
tableau-original-plage-havre-de-paix-en-bord-de-mer,/products/poster-plage-paradisiaque-sable-blanc-et-eaux-turquoise-vues-du-ciel,1
tableaux-deco-tokyo-ruelle-japonaise-lumineuse,,1
toile-design-tournesol-radieux-energique,/products/poster-tournesol-op-art-un-soleil-geometrique-qui-vibre,1
cadre-moderne-bouledogue-pop-eclat-de-couleurs,,1
toile-decorative-saxophoniste-au-souffle-harmonieux,/products/poster-saxophoniste-silhouette-musicale-au-souffle-libre,1
tableau-original-new-york-rythme-urbain-noir-et-blanc,/products/poster-new-york-noir-et-blanc-lenergie-dune-rue-et-de-lempire-state,1
tableau-deco-girafe-vitalite-exaltee,/products/poster-girafe-en-art-du-fil-elan-colore-sur-fond-noir,1
peinture-murale-pyramides-egyptiennes-au-couchant,/products/poster-pyramides-degypte-desert-dore-au-crepuscule,1
tableau-toile-soufi-africain-mystere-incarne,/products/poster-soufi-africain-silhouette-spirituelle-aux-couleurs-dafrique,1
tableau-dart-coucher-de-soleil-africain-embrase,/products/poster-soleil-africain-un-berger-rentre-sous-un-ciel-dore,1
art-mural-muraille-de-chine-voyage-intemporel,,1
tableau-original-tournesol-eclat-de-vitalite,/products/poster-tournesol-pop-art-un-eclat-de-soleil-sur-vos-murs,1
tableau-toile-perroquet-evasion-tropicale,/products/poster-perroquet-eclat-tropical-aux-plumes-bleu-et-vert,1
toile-guepard-dynamisme-fauve-sur-fond-orange,/products/poster-guepard-regard-fauve-sur-fond-orange-audacieux,1
tableau-sur-toile-femme-afro-elegance-majestueuse,/products/poster-femme-afro-profil-majestueux-et-beaute-noire-lumineuse,1
tableau-deco-renard-la-ruse-fascinante,/products/poster-renard-regard-mysterieux-cache-sous-les-feuilles,1
art-mural-jungle-evasion-tropicale-luxuriante,/products/poster-jungle-tropicale-evasion-verte-et-souffle-dexotisme,1
tableau-decoratif-ocean-envolee-doiseaux-poetiques,/products/poster-ocean-et-oiseaux-lappel-du-large-et-du-ciel-bleu,1
cadre-design-hibou-mystere-et-sagesse,,1
uvre-murale-bouddha-lumiere-et-spiritualite,,1
toile-deco-ailes-dange-etherees-et-sereines,/products/poster-ailes-dange-douceur-celeste-et-purete-apaisante,1
cadre-moderne-chef-amerindien-histoire-vivante,,1
uvre-murale-flamant-rose-eclat-pop-art,/products/poster-flamant-rose-eclat-pop-art-et-couleurs-dete,1
cadre-moderne-serenite-zen-du-japon,/products/poster-calligraphie-japonaise-silhouette-zen-en-noir-et-blanc,1
tableau-sur-toile-golden-gate-nocturne-envoutant,/products/poster-golden-gate-bridge-lueurs-nocturnes-dans-la-brume,1
tableau-toile-visage-femme-colore-style-retro,/products/poster-visage-de-femme-portrait-pop-retro-haut-en-couleur,1
tableau-toile-chat-japonais-chance-et-serenite,/products/poster-chat-japonais-douceur-porte-bonheur-sous-les-cerisiers,1
tableau-original-cerisier-sakura-epanoui,,1
cadre-decoratif-portrait-street-art-femme-eclatante,,1
uvre-murale-paris-eclat-dune-rue-emblematique,/products/poster-paris-tour-eiffel-une-rue-parisienne-au-charme-haussmannien,1
toile-decorative-portrait-femme-africaine-intense,/products/poster-femme-africaine-regard-fier-et-ame-dun-continent,1
tableau-original-tigre-sauvage-force-et-grace,/products/poster-tigre-sauvage-regard-felin-entre-puissance-et-grace,1
tableau-deco-pop-art-femme-africaine-vibrante,,1
peinture-decorative-cerf-stylise-aux-lunettes-fantaisie,/products/poster-cerf-pop-art-lunettes-fantaisie-et-allure-decalee,1
toile-murale-guerrieres-africaines-fierte-et-couleurs,/products/poster-guerrieres-masai-fierte-et-lumiere-dafrique,1
cadre-decoratif-femme-africaine-fusion-vibrante,/products/poster-femme-africaine-portrait-eclatant-de-couleurs-et-de-fierte,1
decoration-murale-galets-zen-sur-sable-blanc,,1
tableau-sur-toile-barque-flottante-dans-la-brume,/products/poster-barque-dans-la-brume-serenite-dune-mer-apaisee,1
cadre-moderne-zebre-regard-sauvage-en-nuances,/products/poster-zebre-regard-sauvage-en-noir-et-blanc,1
grand-tableau-pivoines-baroques-eclat-majestueux,/products/poster-pivoines-baroques-floraison-majestueuse-sur-fond-noir,1
grand-tableau-toucan-pop-art-eclat-tropical,,1
uvre-murale-geisha-nuances-pop-art-eclatantes,,1
toile-decorative-statue-de-la-liberte-vibrante,/products/poster-statue-de-la-liberte-new-york-en-couleurs-vibrantes,1
art-mural-lionne-couronnee-noblesse-royale,/products/poster-lionne-couronnee-allure-royale-en-nuances-de-gris,1
cadre-moderne-tulipe-minimalisme-noir-et-blanc,/products/poster-tulipe-la-grace-dune-fleur-en-noir-et-blanc,1
toile-deco-femme-africaine-beaute-des-motifs,,1
art-mural-parapluie-rouge-amour-sous-la-neige,/products/poster-parapluie-rouge-tendresse-dun-couple-sous-la-neige,1
creation-artistique-femme-eclat-lunaire-en-riviere,/products/poster-baigneuses-indiennes-douceur-dun-bain-sous-la-lune,1
tableau-mural-cygne-purete-noir-et-blanc-elegante,/products/poster-cygne-grace-epuree-en-noir-et-blanc,1
toile-murale-flamant-rose-eclat-de-liberte,/products/poster-flamant-rose-silhouette-gracieuse-aux-teintes-douces,1
toile-murale-leopard-elegance-pointilliste,/products/poster-leopard-pointilliste-la-savane-en-mille-touches-dorees,1
toile-deco-cerisier-japonais-beaute-ephemere,/products/poster-cerisier-japonais-delicatesse-rose-dune-floraison-fugace,1
tableau-moderne-lion-blanc-rugissement-majestueux,/products/poster-lion-blanc-la-force-tranquille-dun-rugissement-royal,1
toile-decorative-tigre-japonais-energie-vibrante,/products/poster-tigre-japonais-couleurs-vibrantes-et-force-tranquille,1
peinture-murale-chat-japonais-au-cerisier-en-fleurs,/products/poster-chat-japonais-douceur-dun-cerisier-en-fleurs,1
uvre-murale-famille-delephants-pop-art,,1
tableau-design-paon-royal-noblesse-eclatante,/products/poster-paon-royal-leclat-irise-dun-oiseau-majestueux,1
tableau-moderne-vagues-marines-evasion-energique,/products/poster-vagues-marines-lenergie-de-locean-facon-hokusai,1
tableau-sur-toile-tour-eiffel-pointilliste-de-nuit,/products/poster-tour-eiffel-paris-la-nuit-en-mille-points-de-couleur,1
tableaux-deco-chat-charme-felin-vibrant,/products/poster-chat-bengale-felin-colore-aux-mille-reflets,1
creation-artistique-lama-eclat-de-couleurs-vives,/products/poster-lama-portrait-haut-en-couleurs-et-plein-de-caractere,1
toile-design-van-hippie-voyage-celeste-boheme,,1
uvre-murale-ruelles-colorees-vitalite-lumineuse,,1
uvre-murale-paysage-coucher-de-soleil-flamboyant,/products/poster-coucher-de-soleil-lumiere-douce-dune-fin-de-journee-paisible,1
decor-mural-violoncelliste-melodie-envoutante,,1
creation-artistique-tableau-nordique-epure-apaisante,/products/poster-geometrique-scandinave-formes-pastel-et-douceur-nordique,1
toile-murale-deesse-noire-et-or-avec-elevation,/products/poster-deesse-noire-et-or-beaute-envoutante-aux-reflets-precieux,1
tableau-toile-maisons-orientales-aux-teintes-solaires,,1
toile-dartiste-touareg-linstant-dore-du-desert,,1
tableaux-deco-chat-noir-humour-et-elegance-retro,,1
uvre-murale-violon-poesie-musicale-au-salon,/products/poster-violon-douceur-dune-melodie-suspendue-au-salon,1
peinture-murale-mona-lisa-pop-art-vibrante,/products/poster-joconde-pop-art-la-mona-lisa-revisitee-en-couleurs-vibrantes,1
tableaux-deco-lion-le-roi-en-majeste,/products/poster-lion-noir-et-blanc-le-regard-puissant-du-roi-des-animaux,1
tableaux-deco-mosquee-al-aqsa-a-laube-sereine,/products/poster-mosquee-al-aqsa-lumiere-douce-dun-matin-de-priere,1
toile-design-roses-et-serenite-vibrante,/products/poster-roses-douceur-fleurie-et-serenite-lumineuse,1
creation-artistique-cite-de-roses-poesie-urbaine,/products/poster-cite-de-roses-ville-feerique-au-coeur-des-rosiers,1
peinture-decorative-mondrian-revisite-look-industriel,/products/poster-mondrian-revisite-lignes-franches-et-couleurs-vives,1
tableau-deco-envol-poetique-des-papillons,/products/poster-femme-aux-papillons-grace-doree-selon-klimt,1
cadre-decoratif-tour-eiffel-aquarelle-pastel,/products/poster-tour-eiffel-terrasse-de-cafe-parisien-aux-teintes-pastel,1
cadre-moderne-style-nordique-pastel-elegant,/products/poster-geometrie-nordique-formes-pastel-et-douceur-scandinave,1
tableau-decoratif-maternite-africaine-chaleur-et-amour,/products/poster-femme-africaine-et-bebe-letreinte-tendre-dune-mere,1
tableau-mural-africain-lesprit-du-guerrier,/products/poster-guerrier-africain-lance-bouclier-et-fierte-zouloue,1
decoration-murale-cercle-rouge-harmonie-zen,,1
tableau-japonais-ceremonie-du-the-soleil-rouge-et-branches-de-pin-zen,/products/poster-japonais-ceremonie-du-the-soleil-rouge-et-serenite-zen,1
tableau-cheval-au-regard-bleu-intense-style-graphique-traits-graves-sur-fond-electrique,/products/poster-cheval-graphique-regard-bleu-et-esprit-de-liberte,1
tableau-design-floral-lenvol-des-fleurs,/products/poster-fleurs-deux-mains-qui-liberent-un-envol-colore,1
tableau-moderne-orchidee-violette-fond-turquoise,/products/poster-mural-orchidees-violettes-elegance-fleurie-sur-fond-turquoise,1
toile-murale-jeu-de-formes-lunaires-geometrie-douce,/products/poster-formes-lunaires-douceur-geometrique-inspiree-du-bauhaus,1
decoration-murale-portrait-frida-kahlo-nb-authentique,,1
toile-moderne-coucher-de-soleil-eclat-lunaire,,1
toile-contemporaine-tour-eiffel-nuit-envoutante,/products/poster-tour-eiffel-paris-illumine-sous-un-ciel-de-nuit,1
tableau-decoratif-astronaute-energie-pop-du-cosmos,,1
tableaux-deco-beaute-africaine-au-turban-eclatant,/products/poster-femme-africaine-au-turban-fierte-et-couleurs-dailleurs,1
toile-decorative-freddie-mercury-pop-art-vibrant,/products/poster-freddie-mercury-icone-du-rock-aux-couleurs-electriques,1
grand-tableau-chats-noirs-dialogue-silencieux,/products/poster-chats-noirs-un-tendre-face-a-face-suspendu-dans-le-silence,1
tableau-decoratif-bouddha-serenite-intemporelle,/products/poster-bouddha-un-souffle-de-serenite-pour-votre-interieur,1
tableau-mural-foret-verdoyante-serenite-zen,/products/poster-foret-verdoyante-une-echappee-verte-et-apaisante,1
decor-mural-canyon-rocheux-evasion-zen,/products/poster-canyon-rocheux-evasion-zen-aux-teintes-de-desert,1
cadre-moderne-guerrier-africain-bravoure-au-couchant,/products/poster-guerrier-africain-fierte-tribale-au-soleil-couchant,1
tableau-toile-serenite-dun-canyon-mystique,/products/poster-canyon-mystique-brume-douce-et-serenite-daltitude,1
